evidence,band,grade,expected_accuracy,ci_gm_lo,n
buurt,<0.5,zwak,0.4813,0.3753,1635
buurt,0.5-0.6,zwak,0.5098,0.4751,5845
buurt,0.6-0.7,zwak,0.6367,0.5825,6854
buurt,0.7-0.8,redelijk,0.7200,0.6869,9399
buurt,0.8-0.9,redelijk,0.7544,0.7217,16090
buurt,0.9-0.95,betrouwbaar,0.7973,0.7612,15389
buurt,>=0.95,zeer betrouwbaar,0.9619,0.9396,97965
nabij,<0.5,zwak,0.4397,0.2770,1062
nabij,0.5-0.6,zwak,0.5720,0.4330,5089
nabij,0.6-0.7,zwak,0.5720,0.4330,5089
nabij,0.7-0.8,zwak,0.6002,0.3806,10210
nabij,0.8-0.9,zwak,0.6002,0.3806,10210
nabij,0.9-0.95,zwak,0.6002,0.3806,10210
nabij,>=0.95,betrouwbaar,0.8848,0.8470,6268
municipal,<0.5,zwak,0.5652,0.3982,2049
municipal,0.5-0.6,zwak,0.5652,0.3982,2049
municipal,0.6-0.7,redelijk,0.6559,0.6042,2581
municipal,0.7-0.8,redelijk,0.6863,0.6562,5664
municipal,0.8-0.9,redelijk,0.6863,0.6562,5664
municipal,0.9-0.95,redelijk,0.7130,0.6848,1181
municipal,>=0.95,betrouwbaar,0.9609,0.8914,1176
none,<0.5,zwak,0.4385,0.3658,13311
none,0.5-0.6,zwak,0.5896,0.5222,32854
none,0.6-0.7,zwak,0.7037,0.5905,33267
none,0.7-0.8,zwak,0.7424,0.6569,34504
none,0.8-0.9,zwak,0.7579,0.6995,55437
none,0.9-0.95,zwak,0.7579,0.6995,55437
none,>=0.95,zwak,0.7935,0.6758,22324
